sID,group,gender,age,righthanded,english,run1IT,run2IT,run3IT,run4IT,run1ET,run2ET,run3ET,run4ET,run1Err,run2Err,run3Err,run4Err,ETPreTR,ETPreUN,ETPostTR,ETPostUN,ErrPreTR,ErrPreUN,ErrPostTR,ErrPostUN,ITPreTR,ITPreUN,ITPostTR,ITPostUN,WM,IQ2,IQ5,IQ9,IQsum,Extrov,Agr,Consc,Neur,Open,PT,FS,EC,PD,NPI,InterDep,InDep,trapBIG,trapIRI,trapNPI,trapSC
1PP,PP,Female,18,Yes,No ,0.79204,0.59068,0.78193,0.35916,2.08,1.8046,1.5904,1.5929,0.5,0.3,0.5,0.1,3.0373,2.4048,1.256,2.288,0.7,0.5,0.3,0.4,1.3559,1.2878,0.33621,1.061,172,4,5,7,16,3.875,4.5556,3.7778,3.5,3.3,21,13,19,18,10,50,41,0,0,1,2
2PP,PP,Female,22,Yes,Yes,1.274,0.57759,0.47246,0.35809,2.1838,1.3235,1.0002,0.97962,0.1,0.3,0.3,0.3,7.804,2.526,1.1392,2.0401,0.8,0.6,0.2,0.3,3.092,2.7077,0.55649,0.81202,194,9,6,10,25,4.25,4.4444,4.2222,2.5,2.9,16,22,15,9,21,36,37,0,1,0,1
3PP,PP,Female,20,Yes,No ,0.37849,0.46997,0.3496,0.34759,0.76599,0.70398,0.595,0.52717,0.2,0.2,0.2,0,0.75601,1.2896,0.5253,0.72598,0.2,0,0.4,0.2,0.59213,0.47303,0.36351,0.4701,198,10,5,11,26,3.125,3.7778,2,3.75,3.1,25,23,22,17,12,45,36,1,0,0,2
4PP,PP,Female,26,Yes,Yes,1.1396,1.0828,1.308,0.76279,3.1324,2.456,1.8521,1.673,0.1,0.1,0,0.2,6.538,5.4079,2.0498,2.476,0.2,0.6,0.1,0.2,1.9788,1.1511,0.72459,1.362,158,4,9,5,18,3.625,4.2222,3.5556,3,3.9,17,20,20,15,11,45,42,0,1,0,2
5PP,PP,Female,20,Yes,Yes,0.31276,0.41147,0.24449,0.29806,0.71901,0.66491,0.53765,0.46559,0.2,0.1,0,0,1.256,   ,0.444,0.716,0.9,1,0,0,0.31722,    ,0.26393,0.28992,213,11,9,12,32,3.25,4.2222,3.5556,3.625,2.8,16,21,21,13,6,36,36,0,0,0,1
6PP,PP,Female,18,Yes,Yes,0.59448,0.4293,0.41285,0.25305,1.343,1.1707,1.2251,0.95156,0.2,0.1,0.2,0.1,3.04,2.6307,1.0934,1.4464,0.8,0.4,0.1,0,1.3364,1.3188,0.40474,0.33031,190,14,13,6,33,3.375,4.2222,3,4,4.2,21,27,20,13,30,46,48,0,0,0,1
7PP,PP,Female,20,Yes,No ,0.6573,0.67485,0.74566,0.5533,1.3554,1.3829,1.6255,1.06,0.3,0.3,0.4,0.8,2.1639,   ,1.168,    ,0.8,1,0.9,1,1.9325,    ,1.1561,    ,143,4,5,4,13,4.625,2.7778,2.7778,4.125,3.1,6,19,12,18,22,41,50,0,1,1,2
8PP,PP,Male  ,18,Yes,Yes,0.20146,0.2125,0.22046,0.17591,0.81223,0.73647,0.71524,0.54482,0.4,0.2,0.5,0.2,1.182,2.5618,0.54449,1.2208,0.2,0.5,0.1,0.5,0.76421,1.2138,0.30969,0.65259,204,14,18,5,37,2.625,2.7778,2.7778,4.125,4.3,19,23,21,19,9,48,43,0,0,0,2
9PP,PP,Female,18,Yes,Yes,0.39063,0.24594,0.25626,0.25693,0.89616,0.91512,0.55862,0.66498,0.4,0.5,0.5,0.2,1.2742,2.0188,0.70294,0.97617,0.6,0.4,0.1,0.4,0.56139,0.55421,0.42834,0.58485,224,11,7,11,29,3.875,4.1111,4.4444,2.875,3.1,19,13,23,8,8,45,35,0,0,0,1
10PP,PP,Female,20,Yes,No ,0.48922,0.35281,0.72242,0.33531,0.71821,0.74754,0.9296,0.46055,0.1,0.1,0,0.3,1.3417,1.406,0.67522,0.96571,0.3,0.6,0,0.3,1.0062,0.69199,0.33883,0.37261,194,5,6,12,23,2.375,3.5556,3.1111,3,2.7,16,13,22,12,11,39,40,0,1,0,1
11PP,PP,Female,18,Yes,Yes,0.3213,0.46382,0.32964,0.3058,1.032,1.122,1.1024,1.0736,0.1,0.2,0,0,1.4192,1.7394,0.90799,1.378,0.5,0.3,0,0.2,0.58206,0.91223,0.2861,0.69035,214,11,20,16,47,2.125,3.7778,3.5556,4.5,3.7,18,25,21,14,5,55,33,0,0,0,1
12PP,PP,Female,18,Yes,Yes,0.57566,0.30668,0.26373,0.22001,0.97422,0.7224,0.70402,0.64091,0.1,0,0.1,0.1,1.856,1.2857,0.75038,0.77996,0.3,0.3,0,0.2,1.3591,0.89897,0.24775,0.31983,190,9,12,11,32,2.625,3.4444,3.7778,4,3,21,28,21,21,4,44,41,0,1,0,2
13PP,PP,Female,19,Yes,Yes,0.46803,0.39679,0.31844,0.35986,1.5149,1.2229,1.28,0.96405,0.2,0.2,0.2,0.4,2.0583,2.8187,1.112,1.7702,0.3,0.7,0.1,0.3,1.4811,1.9482,0.47707,0.73912,194,5,12,11,28,4.125,3.3333,2.8889,3,3.2,20,9,15,11,4,37,43,0,0,0,2
14PP,PP,Male  ,27,Yes,Yes,0.30167,0.25535,0.2621,0.25179,0.67801,0.48232,0.43918,0.47419,0.2,0.3,0.1,0.4,1.253,1.1021,0.59471,0.68004,0.2,0.2,0.1,0.2,0.30465,0.33576,0.31784,0.36706,228,16,20,13,49,1.375,3.6667,3.7778,5,4.7,27,26,24,27,10,44,41,1,0,0,1
15PP,PP,Female,19,Yes,Yes,0.6121,0.36739,0.32345,0.47023,1.5956,1.3813,1.0498,1.0035,0.1,0.1,0.1,0.1,3.328,3.168,0.7936,2.0224,0.5,0.7,0,0,1.1906,1.2555,0.56073,0.85054,203,7,14,10,31,2.125,3.2222,3.8889,3.875,2.6,18,7,12,10,5,37,45,1,0,0,1
16PP,PP,Female,18,Yes,Yes,1.9515,1.192,    ,    ,3.132,3.022,    ,    ,0.6,0.6,1,1,6.092,3.72,    ,0.29007,0.8,0.9,1,0.9,4.9144,1.1579,    ,1.3988,202,7,8,6,21,2.75,3.4444,2.1111,3.75,4.4,20,20,16,20,15,56,44,0,0,1,2
17PP,PP,Female,19,Yes,No ,0.97869,1.0382,0.82686,0.5298,1.725,1.512,1.329,1.2514,0.2,0,0.2,0.3,3.081,3.191,1.179,1.784,0.2,0.2,0.2,0.4,1.6871,1.39,0.92908,1.4256,178,11,3,9,23,2.25,4.3333,2.5556,3.25,4.1,21,24,28,13,11,46,41,0,0,1,2
18PP,PP,Female,18,Yes,Yes,0.35733,0.45179,0.34584,0.34541,1.6088,1.0091,0.99605,0.78799,0,0.3,0.2,0.2,2.27,2.0949,0.912,1.3886,0.2,0.3,0,0.3,1.295,0.98061,0.49432,0.4456,188,8,10,7,25,3.875,2.7778,3.2222,3,3.6,13,14,15,12,14,34,44,1,0,0,2
19PP,PP,Male  ,19,Yes,Yes,0.57316,0.99107,0.43523,0.58033,1.133,0.93203,0.6848,0.67501,0.2,0.2,0.5,0.2,2.2552,2.013,0.87361,1.498,0,0.2,0,0.6,1.1817,1.0697,0.68373,0.89382,197,16,9,10,35,4.25,4,3.1111,2.875,4.7,15,26,20,15,19,52,47,1,0,0,1
20PP,PP,Female,18,Yes,Yes,0.26947,0.2782,0.28147,0.17785,0.89332,0.55677,0.56357,0.5264,0.1,0,0.1,0,1.4089,1.306,0.57242,1.0032,0.1,0.2,0.1,0.5,0.70487,0.60141,0.16822,0.30223,205,11,11,11,33,3.75,3.2222,2.8889,4.625,3.8,12,28,17,15,21,48,45,0,0,0,2
21PP,PP,Male  ,18,Yes,Yes,0.50035,0.41492,0.42109,0.34022,0.68267,0.68625,0.53244,0.58487,0.1,0.1,0.1,0.1,2.0264,1.656,0.56269,1.0187,0,0.1,0.1,0.1,0.72801,0.82888,0.31055,0.51345,215,11,11,11,33,3.125,2.7778,2.8889,3.375,2.3,14,19,16,10,8,53,36,0,0,0,2
22PP,PP,Female,20,Yes,No ,0.36584,0.26599,0.25635,0.24253,0.91112,0.88165,0.645,0.83547,0.1,0.5,0.3,0.3,2.8024,1.8183,0.72357,1.1696,0,0.3,0.1,0.5,0.68901,0.93636,0.26271,0.70282,204,13,17,10,40,2.875,3.8889,4.1111,2.875,2.5,17,12,14,9,13,41,42,0,0,0,1
23PP,PP,Female,34,Yes,Yes,1.4404,1.0434,0.63019,0.62935,1.4984,1.3093,1.0792,0.77508,0,0.1,0,0.1,3.3463,4.088,1.4824,2.2937,0.3,0.3,0,0.3,2.7041,2.7809,1.2722,1.7021,178,4,7,8,19,3,3.8889,3.3333,3.375,2.9,18,16,16,12,7,37,41,0,1,0,2
24PP,PP,Female,20,Yes,Yes,0.5945,0.51331,0.59766,0.35117,3.3467,1.968,2.1776,1.374,0.7,0.1,0.5,0.2,2.624,6.752,1.1227,1.8208,0.8,0.5,0.1,0.5,0.95646,1.6958,0.37976,0.92532,185,8,3,8,19,2.375,4.1111,1.5556,3.875,2.3,23,2,22,22,2,44,51,0,0,0,2
25PP,PP,Female,20,Yes,Yes,0.38981,0.31983,0.32892,0.2749,0.82203,0.76769,0.68115,0.65256,0.2,0.5,0.3,0.3,1.808,1.6862,0.84444,1.3805,0.5,0.1,0.1,0.1,0.83609,0.68284,0.26305,0.3743,190,11,18,12,41,3.875,3.5556,3.2222,3.125,3.5,20,20,25,8,22,50,48,1,0,0,1
26PP,PP,Female,24,Yes,Yes,0.88234,0.4544,0.72214,0.50864,1.8057,1.1804,1.2106,1.1841,0.3,0.1,0.1,0.1,3.054,1.9473,1.1227,1.446,0.2,0.5,0.1,0.2,1.3953,2.2613,0.57575,0.62201,184,7,7,13,27,1.875,4.6667,2.4444,3.75,3,24,16,23,19,3,52,32,0,0,0,2
27PP,PP,Female,18,Yes,Yes,1.0155,0.50296,0.37125,0.33877,2.0463,1.82,1.4537,1.2173,0.5,0.8,0.3,0.4,4.216,3.938,1.1223,2.7373,0.8,0.6,0.3,0.4,2.8882,2.0303,0.28157,0.696,183,5,4,9,18,3.25,4.5556,4.3333,3.75,3.1,20,11,23,14,10,40,34,0,0,1,1
28PP,PP,Female,20,Yes,Yes,0.62897,0.37552,0.44798,0.30268,1.4492,1.233,1.0152,1.332,0.3,0.2,0,0.4,2.1456,2.9041,1.2613,1.952,0.5,0.8,0.4,0.8,0.94032,1.5681,0.45438,0.82863,189,9,8,7,24,3.375,4.1111,3.8889,3.25,3.4,22,22,18,10,12,45,49,1,1,0,2
29PP,PP,Female,19,Yes,Yes,0.32575,0.257,0.24647,0.20962,1.012,0.85372,0.56978,0.57399,0.2,0.3,0.1,0.2,2.304,1.3253,0.6088,1.5808,0.1,0.7,0,0.5,0.7879,0.39787,0.25159,0.43367,201,12,11,12,35,2.125,4.3333,3.3333,4.375,3.5,22,22,27,21,11,54,48,0,0,0,1
30PP,PP,Female,20,Yes,Yes,0.77399,0.67419,0.55148,0.50886,1.974,1.7383,1.7164,1.4622,0.2,0.3,0.1,0.1,4.6641,3.212,1.628,2.1949,0.9,0.2,0.2,0.2,1.4939,0.8441,0.66359,0.47862,171,8,15,10,33,2.875,3,3.4444,3.5,3.3,19,22,21,9,6,35,43,3,1,0,3
31PP,PP,Female,20,Yes,Yes,0.55851,0.47181,0.4455,0.33231,1.68,1.3888,1.331,1.121,0.3,0,0.2,0.2,2.296,2.573,1.296,1.595,0.1,0.2,0.1,0.2,1.2285,0.88398,0.39713,0.37466,209,11,19,9,39,3.875,4.3333,3.8889,2.25,2.8,11,2,14,9,10,46,45,0,0,0,2
32PP,PP,Female,21,Yes,Yes,0.29939,0.28485,0.23444,0.22381,0.67645,0.61038,0.60727,0.5893,0.1,0,0.1,0.1,1.0907,1.2561,0.64806,1.1395,0.1,0.3,0,0.1,0.38029,0.33084,0.19296,0.31517,202,11,20,12,43,2.75,4.1111,3,3.125,3.3,28,23,23,16,5,48,37,0,0,0,1
33PP,PP,Female,19,Yes,Yes,0.30733,0.2309,0.25057,0.24909,1.2541,1.0871,0.91296,0.86567,0.2,0.2,0.1,0.4,2.0053,1.5018,0.83761,1.2681,0.7,0.3,0,0.2,1.0514,0.62459,0.20919,0.61366,203,8,18,11,37,4.125,3.8889,3.1111,3.25,3,21,14,19,17,8,43,40,0,1,1,1
34PP,PP,Female,19,Yes,Yes,0.51419,0.79437,0.6436,0.63614,1.7889,2.227,1.5464,1.744,0,0.2,0,0.1,2.367,2.6853,1.8427,1.9656,0.2,0.1,0.1,0,0.81614,0.86006,0.46303,0.47326,176,10,5,7,22,3,3.2222,3.2222,4.25,3.5,15,21,19,14,6,40,41,2,1,0,2
35PP,PP,Male  ,25,Yes,No ,0.31569,0.2677,0.24767,0.21758,1.0088,0.81954,0.8533,0.7464,0,0.1,0.1,0,1.2752,1.2756,0.79679,1.2144,0,0.1,0,0,0.56984,0.45357,0.28779,0.41022,204,12,17,8,37,3,4.2222,3.5556,1.5,3.3,21,10,18,8,12,40,37,0,0,0,2
36PP,PP,Male  ,19,Yes,Yes,0.90203,0.40353,0.68397,0.62772,1.5209,1.1806,1.1484,1.2511,0.3,0.6,0.3,0.2,1.6032,1.4903,1.1545,1.2859,0.7,0.3,0,0.3,0.78783,1.2739,0.48625,0.62723,199,4,11,10,25,2.5,3.3333,3.4444,2.875,3.4,19,16,14,11,5,38,37,0,1,0,1
37PP,PP,Female,20,Yes,Yes,0.35734,0.3652,0.34585,1.1387,1.7624,1.3888,1.2948,1.6629,0,0,0,0.4,2.648,3.041,1.414,1.8784,0.7,0.2,0.1,0,1.51,1.4767,0.31342,0.66328,189,11,14,12,37,3,2.5556,4,3.5,2.1,10,25,14,16,14,36,42,0,1,0,2
38PP,PP,Male  ,18,Yes,Yes,0.52831,0.46583,0.45257,0.6041,0.75907,0.66641,0.73309,0.6169,0.1,0,0.2,0.1,1.319,1.3842,0.87557,1.0227,0.4,0.3,0.3,0.4,1.4282,1.3972,0.49712,0.50051,185,14,8,10,32,2.875,2.5556,2.3333,3.875,3.4,17,14,10,17,11,34,44,1,1,0,2
39PP,PP,Female,19,Yes,Yes,0.55203,0.41874,0.3432,0.42841,1.2419,0.88791,1.0064,0.80003,0.1,0.2,0,0.1,2.0864,1.7928,0.97521,1.542,0,0,0,0.2,0.87558,1.2725,0.3925,0.94695,194,9,5,9,23,3.875,4.6667,3.1111,4,4.1,25,28,27,19,13,47,43,0,0,0,1
40PP,PP,Female,18,Yes,Yes,0.59177,0.46416,0.37008,0.40688,1.359,1.0384,1.1787,1.034,0.2,0.5,0.7,0.2,2.021,1.938,1.272,1.6506,0.2,0.2,0.4,0.7,1.2476,1.0629,0.43671,0.64584,211,7,6,11,24,3.125,4,3,3.875,3.6,14,14,14,16,10,44,36,0,3,1,2
41PP,PP,Female,19,Yes,Yes,0.8838,0.73866,0.44534,0.52137,1.8026,1.7226,1.1832,1.3437,0.4,0.1,0.1,0.2,4.352,2.2161,1.3172,1.7147,0.9,0.6,0,0.2,1.3764,1.7445,0.23866,0.78739,151,10,6,8,24,4.25,4,3.8889,2.625,3.6,20,20,22,10,13,45,42,2,2,0,3
42PP,PP,Female,18,Yes,Yes,0.51496,0.80593,0.49673,0.29336,1.4136,1.3742,1.064,1.0376,0,0.1,0.1,0,5.848,3.1783,1.14,1.854,0.9,0.3,0,0.2,1.7449,1.6761,0.3766,1.1175,163,8,8,6,22,4.25,4.5556,3.6667,3.625,2.8,15,10,23,13,7,45,33,0,0,0,3
43PP,PP,Female,19,Yes,Yes,0.52769,0.38158,0.36283,0.31275,1.2983,1.0216,1.6274,0.939,0.3,0,0.3,0.2,1.7946,1.83,0.81511,1.2744,0.4,0.6,0.1,0,1.0773,1.6615,0.35932,0.93211,187,6,4,11,21,3.25,3.6667,3.4444,2.875,3.7,17,20,16,14,14,46,49,0,1,0,2
44PP,PP,Male  ,19,Yes,Yes,0.36289,0.56968,0.56383,0.5059,2.0286,1.7336,1.8029,2.163,0.5,0.4,0.4,0.4,2.7064,4.5364,1.7238,3.234,0.2,0.3,0.1,0.6,1.1663,1.6337,0.52413,1.1661,191,10,5,8,23,4.25,3.3333,3.6667,2.25,2.9,16,22,11,7,18,41,50,0,1,0,1
45PP,PP,Female,20,Yes,Yes,0.47253,0.27956,0.35695,0.21937,1.3691,1.1587,1.156,1.105,0,0.1,0,0.2,1.3311,1.2226,1.3265,1.4748,0.1,0.6,0.1,0,0.58449,0.92422,0.33176,0.37558,207,10,7,5,22,3.625,4,3.3333,4.5,3,25,22,23,20,9,51,43,0,0,0,1
46PP,PP,Female,19,Yes,Yes,0.51148,0.33468,0.41504,0.27581,1.1016,0.90755,0.79558,0.81489,0,0.1,0.1,0.3,1.895,1.814,0.84702,1.9432,0.2,0.2,0.2,0,1.1577,0.91674,0.63997,1.0447,165,7,15,13,35,4.125,3.6667,3,3.375,3.8,23,25,25,13,13,47,50,0,0,0,1
47PP,PP,Female,19,Yes,Yes,0.60182,0.39534,0.38949,0.28505,1.2114,1.3429,1.3383,1.1338,0.3,0.3,0.3,0.3,1.8445,2.072,0.97332,1.7107,0.1,0.1,0.4,0.4,0.73076,0.79089,0.49218,0.34407,207,8,13,9,30,3.875,4.2222,4.3333,3,2.6,18,20,20,15,9,46,38,1,1,1,1
48PP,PP,Female,18,Yes,Yes,0.98694,0.69178,0.7025,0.42677,1.4674,1.2389,1.0713,0.9473,0.1,0,0.1,0.1,3.0078,2.4498,1.1059,2.8983,0.2,0,0.1,0.3,1.9389,1.3473,0.80675,1.4134,194,10,16,11,37,3.625,4.7778,3.5556,3.875,3.3,16,17,25,12,10,44,29,0,0,0,1
49PP,PP,Female,19,Yes,Yes,1.3048,0.39676,0.52175,0.45448,1.3929,0.87295,1.1134,0.73969,0,0.2,0.2,0.1,2.4834,2.627,0.80995,1.3543,0.3,0.4,0,0,1.2825,2.0503,0.71801,1.3077,184,9,5,15,29,1.75,4.5556,3.4444,2.25,4.1,23,25,25,7,5,49,48,0,1,0,2
50PP,PP,Male  ,20,Yes,No ,0.33652,0.37313,0.34824,0.25252,0.57333,0.52605,0.39003,0.33553,0.1,0.6,0.6,0.3,1.4893,2.313,0.55468,1.5383,0.4,0.2,0.1,0.3,0.48707,1.6353,0.35502,0.92306,206,9,20,7,36,2.75,4.5556,2.8889,3.25,4.4,27,24,22,17,11,45,44,0,0,0,2
51PP,PP,Female,19,Yes,Yes,0.49504,0.45147,0.31542,0.29718,1.5496,1.1701,1.2301,0.97217,0.2,0.1,0.2,0.2,2.0384,2.3456,0.82496,1.5081,0.1,0,0.2,0.2,0.99796,1.0898,0.35164,0.60626,204,13,12,9,34,3.375,3.2222,2.3333,4,4.1,23,21,21,16,6,36,39,0,0,0,1
52PP,PP,Female,20,Yes,Yes,0.3923,0.22606,0.55547,0.29178,1.414,1.32,1.156,0.77198,0.6,0.6,0.6,0,1.6192,1.9307,0.92596,1.4688,0.5,0.1,0.6,0.5,0.97435,1.0367,0.25958,0.54524,205,13,14,9,36,3.875,3.2222,2.4444,3.5,3.3,25,23,18,14,4,54,40,1,1,0,1
53PP,PP,Male  ,19,Yes,Yes,0.61279,0.46934,0.3497,0.58079,1.11,1.0797,1.0815,0.9757,0.2,0.2,0.5,0.4,2.382,2.7067,1.2439,2.1039,0.2,0.4,0.2,0.4,1.0356,0.94299,0.17798,0.46772,193,7,10,10,27,4.5,3.1111,2.1111,3.125,2.9,8,19,13,10,24,36,51,0,0,1,2
54PP,PP,Female,19,Yes,Yes,    ,0.34279,0.38679,0.28897,    ,0.76022,1.1043,0.83208,1,0.9,0.9,0.9,2.1565,2.2,    ,    ,0.3,0.9,1,1,1.3879,0.85444,    ,    ,170,4,4,6,14,3.25,3.2222,2.4444,2.375,2.8,14,10,12,15,18,32,38,0,2,0,2
55PP,PP,Male  ,18,Yes,Yes,0.47948,0.4208,0.40074,0.39194,0.56976,0.55987,0.51959,0.55097,0.1,0.1,0.1,0.1,1.7638,0.8403,0.50128,0.81623,0.1,0.1,0.2,0.3,1.4173,0.9967,0.38849,1.0301,201,12,16,8,36,4.125,3.5556,3.2222,1.625,3.8,22,20,12,6,7,39,37,0,1,0,2
56PP,PP,Male  ,20,Yes,Yes,0.5477,0.39473,0.51805,0.35667,0.704,0.63023,0.46958,0.53801,0.4,0.1,0,0.2,1.1832,1.1716,0.43138,0.76558,0,0.1,0,0,1.1976,0.77766,0.33017,0.64924,208,8,11,11,30,3.875,5,3.7778,2.75,2.7,27,15,12,7,19,45,46,1,1,1,2
57PP,PP,Female,19,Yes,Yes,0.58716,0.50331,0.33255,0.71478,1.4736,1.9512,1.3561,1.343,0.5,0.2,0.5,0.4,2.5413,2.3591,0.96348,1.367,0.1,0.1,0,0.4,1.4687,1.0392,0.38195,0.88753,206,10,5,9,24,2,3.6667,2.6667,3,3.3,26,18,22,16,6,41,35,0,1,1,1
58PP,PP,Male  ,20,Yes,Yes,0.78735,0.51242,0.19729,0.38923,1.8486,1.3519,1.0486,0.71199,0.3,0,0.4,0.4,    ,3.52,0.78632,2.4173,1,0.2,0.1,0.4,    ,1.1711,0.36971,1.0804,151,2,4,4,10,3.75,4,3,2,4.1,24,15,20,12,15,44,58,2,1,0,2
59PP,PP,Male  ,24,Yes,Yes,0.34882,0.26525,0.30876,0.30196,0.61944,0.56794,0.63553,0.46129,0.3,0.2,0.1,0.1,1.1136,0.8568,0.54972,0.66853,0.5,0,0.3,0.3,0.38114,0.44825,0.33137,0.356,216,10,20,10,40,3.125,3.4444,3.6667,3.125,3.6,16,14,15,8,26,47,50,0,1,0,2
60PP,PP,Male  ,23,Yes,Yes,0.68415,0.30516,0.37646,0.35221,0.55913,0.48711,0.47399,0.43199,0.1,0.1,0.2,0.1,1.188,1.2489,0.47556,1.248,0.4,0.1,0.1,0.2,0.98931,0.89419,0.63071,1.4038,203,10,9,11,30,3.25,4,3.2222,3.125,4.4,22,21,21,7,8,42,53,1,0,0,2
61PP,PP,Male  ,19,Yes,Yes,0.34687,0.55244,0.37074,0.30676,1.542,1.3303,0.65943,0.5352,0.6,0.3,0.3,0,2.5654,1.7216,0.46882,0.56323,0.7,0.5,0,0,0.99603,0.73324,0.36777,0.38169,212,9,15,10,34,3.5,3.8889,3.7778,2.375,3.4,13,16,17,12,13,40,42,1,1,0,3
62PP,PP,Female,20,Yes,Yes,0.48212,1.0581,0.33959,0.46393,1.0676,1.523,0.77923,0.8782,0.1,0.2,0,0.1,2.1981,2.084,0.76535,1.1348,0.6,0.4,0.1,0.3,1.2528,1.0297,0.383,0.68511,204,6,16,13,35,4.375,3.5556,3.2222,1.5,2.8,15,11,13,4,15,26,45,0,0,0,2
63PP,PP,Female,20,Yes,No ,0.45699,0.30968,0.32383,0.18932,0.96444,0.91756,0.85039,0.78934,0.1,0,0,0.1,1.7129,1.4685,0.78641,1.272,0.1,0.1,0,0.1,0.75531,0.5558,0.2478,0.31341,232,13,14,9,36,2.5,4.2222,2.7778,1.625,3.9,19,23,23,7,11,44,40,0,0,0,2
64PP,PP,Female,19,Yes,No ,0.37705,0.33384,0.20446,0.37014,0.488,0.68242,0.61871,1.7333,0.1,0,0.1,0.1,0.88805,1.3191,0.64642,1.4952,0.1,0.1,0,0,0.5492,0.58428,0.31462,0.48284,217,9,13,10,32,3.5,4.2222,3.3333,2.5,4.3,22,23,21,15,16,36,43,1,0,0,1
65PP,PP,Female,18,Yes,Yes,0.91183,0.53793,0.34782,0.41802,1.876,1.674,1.636,1.381,0.4,0.2,0.2,0.2,3.6971,3.2116,1.3973,2.234,0.3,0.1,0.4,0.6,1.7243,1.4217,0.52817,2.1319,186,9,8,9,26,4.25,4.5556,3.5556,2.875,3.8,22,25,20,10,19,51,43,0,0,0,2
66PP,PP,Female,18,Yes,Yes,0.35997,0.29793,0.23607,0.3191,0.75554,0.79314,0.74223,0.56533,0.1,0.3,0.1,0.1,1.678,2.0928,0.55543,1.3936,0.6,0.5,0.3,0.5,1.3663,1.2612,0.20433,0.55347,204,10,9,11,30,3.25,4.3333,3.7778,3.5,3.4,18,19,23,15,2,47,39,1,2,0,3
67PP,PP,Male  ,18,Yes,Yes,0.24005,0.25105,0.18346,0.14451,0.79902,0.63647,0.60801,0.63306,0.2,0.1,0.3,0.2,2.184,1.5984,0.56892,0.83336,0.1,0,0.1,0.4,0.86437,0.53111,0.16026,0.29573,210,11,19,11,41,4.625,4.5556,3.1111,2.375,2.9,15,6,17,4,20,45,49,0,0,0,2
68PP,PP,Female,19,Yes,Yes,0.87338,0.47285,0.58737,0.36447,1.865,1.8057,1.978,1.3058,0.2,0.3,0.2,0.1,2.6939,3.1294,1.3784,2.0436,0.6,0.4,0,0.1,0.88741,1.7263,0.45039,0.87457,178,10,4,9,23,4.625,3.7778,3.4444,4,4,18,10,28,9,12,45,44,0,0,0,1
69PP,PP,Female,22,Yes,No ,0.70934,0.87916,0.86992,0.58779,2.2651,2.2989,2.3777,1.5843,0.2,0.2,0,0.1,4.5118,4.4221,1.5295,2.4339,0.5,0.2,0,0.2,1.9169,2.2912,0.90674,1.3057,167,4,2,4,10,2.5,3.1111,3,3,3.5,17,20,16,7,15,47,40,1,0,0,2
70PP,PP,Female,20,Yes,Yes,0.9158,0.89076,0.48311,0.38606,2.303,2.1016,1.9064,1.3072,0.2,0,0,0,2.6131,2.6845,1.3264,1.9451,0.2,0.1,0,0.2,2.5299,1.8711,0.46132,1.2052,162,3,4,4,11,3.25,4,3.1111,4.375,3.8,22,26,25,13,12,40,47,0,1,0,2
71PP,PP,Female,18,Yes,Yes,0.64299,0.39011,0.30192,0.25148,1.2266,0.8915,0.71493,0.68442,0.1,0.2,0.1,0.1,1.477,1.602,0.63465,0.99842,0,0.2,0,0.1,0.7515,0.86349,0.23817,0.407,223,14,17,12,43,2.875,4,4.2222,3.125,2.2,23,6,16,8,4,45,43,0,1,0,2
72PP,PP,Male  ,18,Yes,Yes,0.67542,0.48925,0.50479,0.61061,2.5156,1.8382,1.5086,1.16,0.1,0.1,0.3,0.7,3.848,2.524,1.068,2.296,0.5,0.2,0.2,0.4,2.7873,1.1066,0.32408,0.76722,178,11,14,7,32,3.875,2.7778,3.1111,2.625,4.3,27,24,16,13,24,43,57,0,0,1,1
73PP,PP,Female,33,Yes,Yes,0.96413,0.9127,0.55628,0.66936,2.1386,1.568,1.462,1.5262,0.4,0.1,0.2,0.5,    ,   ,1.172,1.6542,1,1,0.6,0.1,    ,    ,0.36712,0.90608,182,5,6,7,18,4.75,4.2222,4.4444,2.25,3.6,20,13,28,6,18,47,49,0,0,1,2
74PP,PP,Male  ,18,Yes,Yes,0.48895,0.30182,0.33169,0.45953,0.77777,0.71735,0.664,0.62224,0.1,0.1,0.3,0.1,1.2584,1.392,0.81358,0.96802,0,0.2,0,0.1,0.70925,0.62138,0.42269,0.48212,219,11,12,10,33,3.875,3,2.8889,3.625,3.5,16,26,23,19,15,40,58,0,0,0,1
75PP,PP,Female,18,Yes,Yes,0.35471,0.59956,0.29944,0.39625,1.393,0.83997,0.84694,0.78198,0.2,0,0.2,0.2,2.8385,3.09,0.87377,1.212,0.5,0.6,0.1,0.4,1.7688,1.3462,0.57448,0.5937,222,8,3,10,21,4,4.1111,3.1111,3.375,2.8,15,21,27,19,14,44,46,1,0,0,2
76PP,PP,Male  ,21,Yes,No ,0.3017,0.422,0.18802,0.37899,0.83998,0.84264,0.58885,0.60398,0.5,0.4,0.5,0.4,3.156,2.3467,0.63731,1.6816,0.4,0.4,0.1,0.5,1.2707,1.0966,0.2512,0.77086,176,9,18,14,41,2.5,3.5556,4.3333,3,4,28,15,13,6,18,35,51,0,0,0,2
77PP,PP,Female,20,Yes,Yes,0.43859,0.35932,0.46832,0.43755,0.82775,0.88661,0.75659,0.67199,0,0,0,0.2,2.2149,2.4967,0.70661,1.7932,0.2,0,0,0.3,0.9612,0.92513,0.41133,0.4427,206,11,10,11,32,4.125,3.7778,2.7778,2.375,2.3,15,18,18,14,10,38,44,0,0,0,1
78PP,PP,Male  ,21,Yes,Yes,0.3531,0.30124,0.2564,0.45232,0.79302,0.63467,0.56683,0.65259,0.2,0.1,0.3,0.3,1.7653,1.5507,0.56879,0.9394,0.1,0.4,0,0.3,0.68036,1.305,0.23551,0.48016,178,12,15,11,38,2.25,2.5556,2.5556,3.875,3.3,17,16,13,15,6,40,34,0,1,0,1
79PP,PP,Female,18,Yes,Yes,0.39344,0.64438,0.45809,0.46239,1.6,1.1384,1.054,0.85146,0.2,0.1,0.2,0.3,2.9376,3.466,1.0136,2.125,0.5,0.2,0,0.2,1.18,1.4071,0.6883,0.74698,203,6,6,5,17,4.25,3.6667,3.1111,1.75,3.7,19,15,22,15,21,46,47,1,0,0,2
80PP,PP,Male  ,20,Yes,No ,0.68928,0.41341,0.29005,0.24913,1.826,1.0492,0.73831,0.64904,0.6,0.3,0.3,0.2,3.8919,4.3747,0.65713,1.716,0.8,0.4,0.3,0.2,0.61861,1.0963,0.28579,0.8738,176,10,18,12,40,3.75,3.7778,2.4444,2.25,3,17,10,16,11,18,43,41,1,0,0,1
81PP,PP,Female,18,Yes,Yes,0.70864,0.2934,0.30669,0.40481,0.88116,0.88199,0.74,0.47802,0.3,0.2,0.2,0.2,1.5904,1.4728,0.77359,1.019,0,0,0,0.2,0.56766,0.49548,0.27484,0.41412,208,11,18,14,43,3.875,3,4.3333,3.25,3.6,15,21,14,14,24,37,48,0,1,0,1
82PP,PP,Female,18,Yes,Yes,0.44856,0.31044,0.38395,0.62398,1.5737,1.297,1.511,1.5133,0.3,0.2,0.2,0.4,2.0223,2.3431,1.1742,1.577,0.1,0.1,0.1,0.2,0.52838,0.83246,0.33372,0.49014,198,5,20,10,35,3.875,3.4444,3.6667,3.5,3.3,12,14,17,9,10,38,42,0,1,0,2
83PP,PP,Male  ,19,Yes,No ,0.91372,1.0333,0.80986,0.49645,2.5648,1.8702,1.5248,1.2331,0.5,0.1,0.5,0.3,2.308,2.264,1.16,1.86,0.8,0.7,0,0.4,1.3124,1.3549,0.34152,0.90321,186,12,9,4,25,4.25,4.2222,3.2222,2.5,4,14,22,23,10,12,36,51,0,0,1,1
84PP,PP,Female,18,Yes,Yes,0.69502,0.47397,0.40248,0.50282,1.2816,1.1102,1.0624,1.0624,0,0.1,0,0,1.6098,1.6951,0.9608,1.4036,0.1,0.1,0,0.1,0.87774,1.0653,0.43448,0.9722,200,12,12,8,32,2.25,4.7778,3.2222,4.125,3.3,21,21,23,17,15,48,38,1,0,0,2
85PP,PP,Female,23,Yes,No ,0.563,0.50776,0.4083,0.35373,0.99291,0.81525,0.73342,0.72244,0.1,0,0.1,0,1.5441,1.5656,0.88162,0.89598,0,0,0,0,0.75775,0.8073,0.43144,0.55749,194,3,5,9,17,2.875,3.5556,3.5556,3,3.3,15,18,16,13,24,39,37,2,2,0,2
86PP,PP,Female,19,Yes,Yes,0.87199,0.42691,0.58467,0.33863,1.7369,1.046,1.1669,1.1573,0.1,0.2,0.3,0.1,1.9164,2.872,1.0504,2.248,0.1,0.1,0,0,0.95886,1.1098,0.50469,0.58393,184,3,3,9,15,2,4.5556,3.2222,4.125,2.5,12,26,26,24,9,50,33,0,0,0,0
87PP,PP,Female,20,Yes,Yes,0.81725,0.40154,0.37539,0.42306,1.4624,1.1965,1.0816,0.95762,0,0.1,0,0,2.275,2.2784,1.0088,1.688,0.2,0,0,0.3,1.1189,1.3718,0.44104,0.8778,187,7,15,8,30,4.125,3.6667,3.2222,4.125,2.8,16,23,17,19,6,45,47,0,1,0,0
88PP,PP,Male  ,22,Yes,Yes,0.46978,0.29327,0.24868,0.15666,0.8222,0.45679,0.4777,0.44158,0.1,0,0.3,0.5,1.5424,1.5856,0.43556,1.13,0.5,0.5,0.1,0.2,1.6512,1.3253,0.2984,1.055,205,11,20,12,43,2.25,3.8889,2.7778,2.375,2.7,18,3,16,2,3,46,32,0,0,0,0
89PP,PP,Female,19,Yes,Yes,0.46781,0.26098,0.26758,0.20919,1.002,0.92888,0.81598,0.65896,0.2,0.1,0.1,0.2,1.551,2.1227,0.70132,1.7623,0.2,0.1,0.1,0.3,0.67336,1.0467,0.25454,0.8708,184,9,6,14,29,4,4.1111,2.7778,3.75,4.2,21,25,25,15,16,43,46,1,0,0,1
90PP,PP,Female,19,Yes,Yes,0.33812,0.50744,0.15366,0.36481,0.99657,0.85199,0.92097,0.96001,0.3,0.4,0.2,0.2,2.6364,3.846,1.624,3.0401,0.1,0.2,0.2,0.9,1.1234,2.1424,0.52256,2.0326,175,6,12,10,28,2.125,1.7778,2.4444,3,3,21,17,18,11,6,48,40,3,1,0,0
91PP,PP,Male  ,20,Yes,Yes,0.35839,0.31195,0.31105,0.23069,0.5872,0.42224,0.44912,0.43799,0.5,0.1,0.3,0.2,1.223,1.4693,0.358,0.95655,0.2,0.4,0.2,0.3,0.53724,0.76177,0.21331,0.28748,208,12,13,10,35,4.625,4.6667,3.5556,1.875,3.7,17,19,21,10,15,55,55,0,1,0,0
92PP,PP,Female,20,Yes,Yes,1.0071,0.69612,0.38672,0.36207,0.99021,0.96498,0.82576,0.86397,0.1,0.2,0.1,0.3,1.6053,1.335,0.72002,1.3008,0.4,0.2,0,0.5,1.3985,1.1204,0.4225,0.93667,198,4,13,10,27,4.5,4.4444,2.3333,2.25,3.2,28,25,23,12,15,50,45,0,1,0,0
93PP,PP,Female,19,Yes,Yes,0.47804,0.64887,0.46181,0.47251,0.99469,0.89601,0.79602,0.52917,0.1,0.1,0.2,0.3,1.6088,1.7618,0.65947,1.2409,0,0.1,0.3,0.1,0.73585,0.96102,0.41005,0.59594,206,8,12,9,29,3.625,3.7778,3.2222,4.125,3.2,19,24,18,15,13,39,44,0,1,0,0
94PP,PP,Male  ,24,Yes,Yes,0.35885,0.28811,0.25458,0.24311,0.58399,0.52623,0.64899,0.57689,0.3,0.1,0.2,0.1,1.044,1.0667,0.55465,1.106,0.2,0.1,0.1,0.2,0.90135,0.74179,0.35159,0.54266,206,11,20,10,41,3.25,3.4444,3.6667,2.625,3.7,18,14,17,6,26,44,50,2,2,0,2
95PP,PP,Female,18,Yes,Yes,0.67308,0.48271,0.6082,0.4933,1.9,1.3538,1.275,1.0411,0.4,0.1,0.2,0.3,1.3121,2.5053,0.992,1.6011,0.7,0.4,0.2,0.3,0.98468,1.2185,0.42385,0.60604,202,5,10,9,24,2.75,3.5556,3.2222,3.375,2.5,12,9,16,11,19,41,36,1,0,1,1
96PP,PP,Female,21,Yes,No ,0.70254,0.77094,0.40206,0.52991,1.3664,1.329,1.146,1.151,0,0.2,0.2,0.2,1.9858,1.8608,1.0912,1.6304,0.1,0,0,0,1.0404,0.84477,0.41498,0.8969,199,10,12,14,36,3.625,2,3.4444,2.75,3.7,13,20,11,4,20,32,48,1,0,0,1
97PP,PP,Male  ,20,Yes,Yes,0.89032,0.6439,0.89123,0.48092,1.9067,1.2448,1.24,1.2124,0.1,0,0,0.1,2.6479,2.9017,1.5104,2.8035,0.9,0.3,0,0.3,1.9288,2.455,0.48591,1.1619,176,9,16,12,37,4.625,4.3333,3.4444,2,2.7,20,26,19,9,9,45,47,0,0,0,0
98PP,PP,Male  ,20,Yes,Yes,0.37843,0.27041,0.30239,0.30112,1.5771,1.1076,1.1399,0.97148,0.3,0.1,0,0.3,2.5884,2.5474,1.0951,    ,0.1,0.3,0.1,1,1.5768,1.2549,0.25182,    ,190,4,12,8,24,4.25,4.1111,3.4444,3.75,3.3,17,4,20,13,14,48,41,1,0,1,0
99PP,PP,Male  ,18,Yes,Yes,0.39161,0.36329,0.32994,0.34591,1.0293,0.74489,0.73066,0.47197,0.1,0.1,0.4,0.3,1.3778,1.9295,0.87656,1.483,0.1,0,0.3,0.2,0.75159,1.2391,0.38175,0.68131,218,11,17,9,37,2.875,4.2222,2.1111,1.5,3.4,14,13,18,8,21,46,44,0,0,0,0
100PP,PP,Male  ,  ,Yes,Yes,0.40261,0.349,0.31968,0.42628,0.92561,0.87378,0.78936,0.75002,0,0.1,0.1,0.2,2.0833,1.9024,0.87655,1.8027,0.1,0.5,0.3,0.4,0.83391,1.0403,0.41775,0.43671,202,4,3,5,12,3.25,4.2222,3.7778,3.25,3.5,21,20,19,8,16,42,49,1,1,0,1
101PP,PP,Female,  ,Yes,Yes,0.30831,0.30026,0.31849,0.26858,1.3565,1.279,0.9352,0.78757,0.1,0.2,0,0.1,1.7413,3.36,1.144,1.5733,0.1,0.5,0.1,0.1,0.61929,1.1836,0.55991,0.4346,200,9,14,9,32,2.875,4.5556,2.8889,4,3.6,21,25,24,19,9,47,42,0,0,0,1
102PP,PP,Male  ,18,Yes,No ,0.38645,0.81252,0.33626,0.46802,1.3406,1.1017,1.1485,0.94004,0.3,0.3,0.1,0.2,2.5088,3.176,0.93283,2.0053,0.5,0.1,0,0.4,0.99512,1.0479,0.40627,0.95284,170,7,16,7,30,2.625,4.2222,2.4444,3,2.3,16,21,15,10,9,48,37,0,0,0,1
103PP,PP,Female,  ,Yes,Yes,0.50461,0.50174,0.5589,0.36201,1.252,1.0192,0.97836,0.72641,0,0,0,0,2.0231,2.4035,1.0169,2.0947,0.1,0.1,0.1,0.4,0.97332,0.93903,0.60532,0.90488,182,6,8,12,26,4,3.8889,3,2.875,4,21,27,24,10,18,39,48,0,0,0,0
104PP,PP,Male  ,18,Yes,Yes,0.36095,0.3268,0.29672,0.33718,0.86202,0.7049,0.53138,0.60002,0.2,0.1,0.3,0,1.8738,2.0017,0.78044,1.217,0.1,0.1,0.1,0.2,0.66078,0.52036,0.25416,0.43558,186,14,13,10,37,3.25,4,2.5556,2.5,4.4,20,16,21,10,21,43,46,0,0,0,1
105PP,PP,Male  ,23,Yes,Yes,0.32523,0.18857,0.27983,0.18452,1.118,0.79999,0.88934,1.0983,0.2,0.3,0.4,0.3,2.212,1.8736,0.88712,1.792,0.4,0.5,0.1,0.4,1.427,1.3125,0.17186,0.68179,193,11,18,13,42,3.375,1.6667,2.8889,2.25,3.8,16,14,8,1,19,26,43,0,1,0,1
106PP ,PP,Female,20,Yes,Yes,0.70783,0.54501,0.42594,0.38848,1.391,1.1623,1.063,0.87658,0.2,0.3,0.2,0.3,1.614,2.356,0.96088,2.44,0.6,0.6,0.1,0.6,1.6428,1.7747,0.78555,2.0159,214,12,12,14,38,3.375,4.5556,2.5556,1.375,4.6,24,25,24,12,4,43,36,0,1,0,0
